﻿Kriteria,5 - Sangat Baik,4 - Baik,3 - Cukup,2 - Kurang,1 - Buruk
Menarik (Compelling),Langsung memikat dan konsisten menjaga perhatian.,Menarik; argumen solid.,Agak menarik; perhatian kadang turun.,"Ada momen menarik, umumnya kurang memikat.",Gagal menarik perhatian.
Informatif,Sangat kaya informasi dan wawasan mendalam.,Cukup kaya; memberi beberapa wawasan.,Dasar informasi; kurang mendalam.,Informasi terbatas atau dangkal.,Minim atau tidak relevan.
Persuasif,Argumen sangat meyakinkan; bukti dan nalar kuat.,Argumen jelas dan meyakinkan.,"Argumen ada, daya bujuk terbatas.",Berusaha membujuk; bukti/nalar lemah.,Tidak persuasif.
Menggugah (Engaging),Menggugah emosi dan nalar; mengajak mempertimbangkan sudut pandang.,Cukup menggugah; memantik berpikir.,Agak menggugah; koneksi emosional terbatas.,Dampak rendah; sedikit menggugah.,Tidak menggugah.
