﻿Kriteria,5 - Sangat Baik,4 - Baik,3 - Cukup,2 - Kurang,1 - Buruk
Konten,"Sangat akurat, relevan, mendalam; didukung bukti/contoh kuat.",Akurat dan relevan; ada celah kecil.,Dasar dan cukup akurat; ada kekurangan.,Terbatas/kurang relevan; pemahaman dangkal.,Sangat lemah/tidak relevan; miskin pemahaman.
Organisasi,Struktur sangat jelas dan koheren (pembuka–isi–penutup).,Terstruktur baik; transisi kadang kurang mulus.,Struktur dasar; alur kadang membingungkan.,Buruk terstruktur; alur membingungkan.,Tanpa struktur; sulit diikuti.
Penyajian (Delivery),Percaya diri; suara jelas; tempo pas; kontak mata & bahasa tubuh sangat baik.,Baik; jelas dengan isu minor.,"Cukup; ada masalah nyata (monoton, volume, kontak mata).",Kurang efektif; sering tidak jelas atau distraktif.,"Sangat buruk; tidak terdengar, tanpa kontak mata."
Keterlibatan Audiens,Aktif melibatkan audiens sepanjang presentasi.,Baik melibatkan audiens; ada jeda kecil.,Cukup melibatkan; atensi tidak konsisten.,Minim upaya melibatkan audiens.,Tidak melibatkan audiens.
