﻿Kriteria,5 - Sangat Baik,4 - Baik,3 - Cukup,2 - Kurang,1 - Buruk
Orisinalitas,Gagasan sangat orisinal; terobosan baru.,Orisinal dan kreatif; membangun ide yang ada.,Ada unsur baru namun banyak yang familiar.,Minim kebaruan; banyak daur ulang.,Tidak orisinal.
Kejelasan,Paparan sangat jelas dan terstruktur; mudah dipahami.,Umumnya jelas; ada kebingungan kecil.,Cukup jelas; beberapa bagian samar.,Membingungkan; banyak titik tidak jelas.,Sangat tidak jelas; sulit dipahami.
Kelayakan (Feasibility),Sangat layak; rencana realistis; risiko & tantangan diantisipasi.,Layak; rencana baik; ada detail belum tuntas.,Sebagian layak; rencana kurang lengkap/kurang realistis.,Diragukan kelayakannya; isu praktis besar terabaikan.,Tidak layak; tanpa rencana realistis.
Dampak,Potensi dampak besar bagi komunikasi interpersonal/publik.,Dampak baik; manfaat jelas.,Ada dampak namun terbatas/tidak pasti.,Manfaat kecil bagi bidang terkait.,Tanpa manfaat jelas.
