﻿Kriteria,5 - Sangat Baik,4 - Baik,3 - Cukup,2 - Kurang,1 - Buruk
Kejelasan,Sangat jelas tanpa ambiguitas.,Jelas; ada ambiguitas kecil yang tidak mengganggu.,"Umumnya jelas, beberapa bagian membingungkan.",Banyak bagian tidak jelas; sulit dipahami.,Tidak jelas dan ambigu.
Logika,Struktur sangat koheren; penalaran kuat.,Logis dengan celah kecil.,Cukup logis; koherensi kadang terganggu.,Banyak cacat logika/koherensi.,Tidak logis/inkohoren.
Validitas (Bukti/Contoh),Dukungan bukti/ilustrasi sangat kuat.,Dukungan cukup kuat; ada bagian kurang.,Ada dukungan; banyak bagian kurang bukti.,Minimal dukungan; mayoritas klaim tanpa dasar.,Tanpa dukungan kredibel.
Kegunaan,Aplikasi praktis jelas dan signifikan.,Aplikasi baik dan bermanfaat.,Ada aplikasi namun manfaat terbatas.,Aplikasi sedikit; manfaat kecil.,Tidak ada aplikasi/manfaat jelas.
