﻿Kriteria,5 - Sangat Baik,4 - Baik,3 - Cukup,2 - Kurang,1 - Buruk
Orisinalitas,Ikatan digambarkan dengan cara sangat unik dan segar.,"Cukup orisinal, minim klise.",Ada unsur orisinal namun banyak pola umum.,Prediktabel; sedikit unsur baru.,Klise tanpa kebaruan.
Keterlibatan,Sangat memikat dari awal hingga akhir.,Menarik di sebagian besar bagian.,Cukup menarik; sesekali datar.,Kurang memikat; banyak bagian lemah.,Tidak memikat sama sekali.
Humor,"Konsisten efektif, relevan, dan tepat waktu.",Umumnya baik; beberapa momen berhasil.,Cukup; sebagian berhasil.,Dipaksakan/tidak relevan; jarang berhasil.,Tidak efektif atau tidak ada.
Inspirasi,Sangat menginspirasi; kesan mendalam tentang kekuatan koneksi.,Cukup menginspirasi; ada momen kuat.,Ada unsur inspiratif; dampak terbatas.,Berusaha menginspirasi namun dangkal.,Tidak menginspirasi.
