﻿Kriteria,5 - Sangat Baik,4 - Baik,3 - Cukup,2 - Kurang,1 - Buruk
Orisinalitas,Pengembangan cerita sangat unik dan segar.,"Lanjutan cukup orisinal, minim klise.",Ada unsur baru namun banyak pola umum.,Prediktabel; sedikit kebaruan.,Tidak ada pengembangan baru.
Keterlibatan,Sangat memikat dan konsisten menjaga atensi.,Menarik dengan beberapa jeda kecil.,Cukup menarik; ritme naik-turun.,Kurang menarik; mudah kehilangan atensi.,Tidak menarik.
Pengembangan Narasi,Sambung rapi dengan bagian awal; menunjukkan pertumbuhan/resolusi hubungan yang jelas.,Terkait baik dengan bagian awal; beberapa aspek kurang dieksplor.,"Melanjutkan cerita, namun ada ketidakselarasan; progres kurang jelas.",Hubungan longgar dengan bagian awal; pengembangan ikatan lemah.,Terputus dari cerita awal; tanpa perkembangan bermakna.
Inspirasi,Sangat menginspirasi tentang kekuatan ikatan.,Cukup menginspirasi; ada momen kuat.,Ada unsur inspiratif; resonansi terbatas.,Berusaha menginspirasi tetapi dangkal.,Tidak menginspirasi.
