﻿Kriteria,5 - Sangat Baik,4 - Baik,3 - Cukup,2 - Kurang,1 - Buruk
Orisinalitas,Perspektif penemuan diri sangat unik dan segar.,Cukup orisinal; sedikit unsur umum.,Ada unsur orisinal namun banyak tema umum.,Prediktabel; minim orisinalitas.,Klise tanpa kebaruan.
Keterlibatan,Memikat dari awal hingga akhir.,Menarik dengan beberapa momen kuat.,Cukup menarik; ada bagian datar.,Kurang memikat; konten kurang menggugah.,Tidak memikat.
Keautentikan,Sangat jujur dan rentan; mengungkap kebenaran diri yang mendalam.,Jujur dan tulus; ada bagian yang masih umum.,Cukup jujur namun masih di permukaan.,Cukup dangkal/tertutup; minim refleksi personal.,Tidak autentik; tanpa refleksi diri.
Inspirasi,Sangat menginspirasi; dampak emosional kuat.,Cukup menginspirasi; beberapa momen menyentuh.,Ada unsur inspiratif; dampak terbatas.,Berusaha menginspirasi; dampak lemah.,Tidak menginspirasi.
