﻿Kriteria,5 - Sangat Baik,4 - Baik,3 - Cukup,2 - Kurang,1 - Buruk
Orisinalitas,Narasi menghadirkan sudut pandang sangat unik tentang daya tarik interpersonal.,Gagasan cukup orisinal dengan sedikit klise.,Beberapa unsur orisinal namun banyak tema umum.,Prediktabel dan orisinalitas rendah.,Klise tanpa unsur baru.
Keterlibatan,"Sangat menarik dari awal hingga akhir, menjaga atensi audiens.",Umumnya menarik dengan beberapa momen kuat.,Cukup menarik; sesekali kehilangan atensi.,Sulit mempertahankan atensi; konten kurang menggugah.,Tidak menarik dan tidak memikat audiens.
Humor,"Humor tepat waktu, relevan, dan efektif; sering memicu tawa.",Humor baik; beberapa momen lucu.,"Humor cukup; sebagian berhasil, sebagian tidak.",Humor terasa dipaksakan/tidak tepat; jarang berhasil.,Humor tidak efektif atau tidak ada.
Wawasan (Insight),Memberi pemahaman mendalam tentang daya tarik; pesan/lesson kuat.,Pesan/insight jelas meski tidak sangat mendalam.,Ada pesan umum namun dampak terbatas.,"Berusaha memberi pesan, tetapi dangkal atau tidak jelas.",Tanpa insight bermakna tentang daya tarik interpersonal.
