Criterion,Level1,Level2,Level3,Level4,Level5
Keotentikan,Sangat tidak otentik,Kurang otentik,Cukup otentik,Otentik,"Sangat otentik, konsisten"
Kejelasan Pesan,Sangat tidak jelas,Kurang jelas,Cukup jelas,Jelas,Sangat jelas dan terstruktur
Keterhubungan Emosional (Pathos),Tidak menyentuh,Sedikit menyentuh,Cukup menyentuh,Menyentuh,Sangat menyentuh & relevan
Etos (Kepercayaan Diri & Integritas),Tidak percaya diri,Kurang percaya diri,Cukup,Percaya diri,Sangat percaya diri & berintegritas
Kerapihan & Etika Privasi,Tidak rapi & melanggar privasi,Kurang rapi,Cukup rapi,Rapi,Sangat rapi & menjaga privasi
