Criterion,Level1,Level2,Level3,Level4,Level5
Orisinalitas & Gaya,Klisé,Kurang orisinal,Cukup orisinal,Orisinal,Sangat orisinal & khas
Kesesuaian Dengan Penerima,Tidak sesuai,Kurang sesuai,Cukup sesuai,Sesuai,Sangat sesuai & personal
Lirik/Narasi (Pathos),Tidak menyentuh,Kurang menyentuh,Cukup menyentuh,Menyentuh,Sangat menyentuh & kuat
Kualitas Produksi (audio/visual),Buruk,Kurang,Cukup,Baik,Sangat baik & konsisten
Etos & Izin Penggunaan AI,Tidak jelas,Kurang jelas,Cukup,Jelas,"Transparan, etis, dan bertanggung jawab"
